,company,url
0,J G Finance Ltd.,https://www.moneycontrol.com/india/stockpricequote/financeinvestments/jgfinance/JGF01
1,J G Foundry Ltd.,https://www.moneycontrol.com/india/stockpricequote/castingsforgings/jgfoundry/JGF
2,J J Finance Corporation Ltd.,https://www.moneycontrol.com/india/stockpricequote/financeleasinghirepurchase/jjfinancecorporation/JJF
3,J K Leatherite Ltd.,https://www.moneycontrol.com/india/stockpricequote/plastics/jkleatherite/JKL
4,J Kumar Infraprojects Ltd.,https://www.moneycontrol.com/india/stockpricequote/constructioncontractingcivil/jkumarinfraprojects/KI01
5,J M D Alloys Ltd.,https://www.moneycontrol.com/india/stockpricequote/steelmediumsmall/jmdalloys/JMD
6,J R Foods Ltd.,https://www.moneycontrol.com/india/stockpricequote/edibleoilssolventextraction/jrfoods/JRF
7,J S P Oils & Fats Ltd.,https://www.moneycontrol.com/india/stockpricequote/edibleoilssolventextraction/jspoilsfats/JSP01
8,J.K. Cement Ltd.,https://www.moneycontrol.com/india/stockpricequote/cementmajor/jkcement/JKC03
9,J.Taparia Projects Ltd.,https://www.moneycontrol.com/india/stockpricequote/financeinvestments/jtapariaprojects/JTP
10,Jackard Products Ltd.,https://www.moneycontrol.com/india/stockpricequote/paper/jackardproducts/JP
11,Jackson Investments Ltd.,https://www.moneycontrol.com/india/stockpricequote/financegeneral/jacksoninvestments/JI12
12,Jacquart Chemical Industries Ltd.,https://www.moneycontrol.com/india/stockpricequote/financeinvestments/jacquartchemicalindustries/JCI
13,Jafferson Leasing & Finance Ltd.,https://www.moneycontrol.com/india/stockpricequote/financeinvestments/jaffersonleasingfinance/JLF01
14,J A Finance Ltd.,https://www.moneycontrol.com/india/stockpricequote/financeothers/jafinance/F04
15,Jagan Litech Lamps Ltd.,https://www.moneycontrol.com/india/stockpricequote/autoancillaries/jaganlitechlamps/JLL
16,Jagatjit Industries Ltd.,https://www.moneycontrol.com/india/stockpricequote/breweriesdistilleries/jagatjitindustries/JI01
17,Jagdamba Foods Ltd.,https://www.moneycontrol.com/india/stockpricequote/foodprocessing/jagdambafoods/JF
18,Jagdambay Agri Genetics Ltd.,https://www.moneycontrol.com/india/stockpricequote/miscellaneous/jagdambayagrigenetics/JAG
19,Jagjanani Textiles Ltd.,https://www.moneycontrol.com/india/stockpricequote/textilesgeneral/jagjananitextiles/JT02
20,Jagran Prakashan Ltd.,https://www.moneycontrol.com/india/stockpricequote/mediaentertainment/jagranprakashan/JP12
21,Jagson Airlines Ltd.,https://www.moneycontrol.com/india/stockpricequote/transportlogistics/jagsonairlines/JA
22,Jagsonpal Finance and Leasing Ltd.,https://www.moneycontrol.com/india/stockpricequote/financeleasinghirepurchase/jagsonpalfinanceleasing/JFL01
23,Jagsonpal Pharmaceuticals Ltd.,https://www.moneycontrol.com/india/stockpricequote/pharmaceuticals/jagsonpalpharmaceuticals/JP02
24,Jai Balaji Industries Ltd.,https://www.moneycontrol.com/india/stockpricequote/steelspongeiron/jaibalajiindustries/JBI
25,Jai Bharat Synthetics Ltd.,https://www.moneycontrol.com/india/stockpricequote/textilesprocessing/jaibharatsynthetics/JBS02
26,Jai Corp Ltd.,https://www.moneycontrol.com/india/stockpricequote/steelgpgcsheets/jaicorp/JC08
27,Jai Hind Synthetics Ltd.,https://www.moneycontrol.com/india/stockpricequote/textilesgeneral/jaihindsynthetics/JHS
28,Jai Mata Rolled Glass Ltd.,https://www.moneycontrol.com/india/stockpricequote/glassglassproducts/jaimatarolledglass/JMR
29,Jai Mata Indsutries Ltd.,https://www.moneycontrol.com/india/stockpricequote/textilesspinningcottonblended/jaimataindsutries/JMI
30,Jai Parabolic Springs Ltd.,https://www.moneycontrol.com/india/stockpricequote/autoancillaries/jaiparabolicsprings/JPS
31,Jai Yatayat Ltd.,https://www.moneycontrol.com/india/stockpricequote/miscellaneous/jaiyatayat/JY01
32,Jaidka Foods Ltd.,https://www.moneycontrol.com/india/stockpricequote/foodprocessing/jaidkafoods/JF01
33,Jaihind Projects Ltd.,https://www.moneycontrol.com/india/stockpricequote/constructioncontractingcivil/jaihindprojects/JP03
34,Jain Granites & Projects India Ltd.,https://www.moneycontrol.com/india/stockpricequote/miscellaneous/jaingranitesprojectsindia/JGP
35,Jain Irrigation Systems Ltd.,https://www.moneycontrol.com/india/stockpricequote/plastics/jainirrigationsystems/JIS02
36,Jain Marmo Industries Ltd.,https://www.moneycontrol.com/india/stockpricequote/miscellaneous/jainmarmoindustries/JMI02
37,Jain Plastics Ltd.,https://www.moneycontrol.com/india/stockpricequote/plastics/jainplastics/JP04
38,Jain Spinners Ltd.,https://www.moneycontrol.com/india/stockpricequote/textilesspinningsyntheticblended/jainspinners/JS
39,Jain Studio Ltd.,https://www.moneycontrol.com/india/stockpricequote/mediaentertainment/jainstudio/JS04
40,Jainam Ferro Alloys Ltd.,https://www.moneycontrol.com/india/stockpricequote/ferromanganese/jainamferroalloys/JFA03
41,Jainco Projects (India) Ltd.,https://www.moneycontrol.com/india/stockpricequote/constructioncontractinghousing/jaincoprojectsindia/JPI
42,Jainpur Straw Board And Papers Ltd.,https://www.moneycontrol.com/india/stockpricequote/paper/jainpurstrawboardandpapers/JSB
43,Jaipan Industries Ltd.,https://www.moneycontrol.com/india/stockpricequote/domesticappliances/jaipanindustries/JI07
44,Jaiprakash Associates Ltd.,https://www.moneycontrol.com/india/stockpricequote/infrastructuregeneral/jaiprakashassociates/JA02
45,Jaiprakash Industries Ltd.,https://www.moneycontrol.com/india/stockpricequote/cementmini/jaiprakashindustries/JI
46,Jaiprakash Power Ventures Ltd.,https://www.moneycontrol.com/india/stockpricequote/powergenerationdistribution/jaiprakashpowerventures/JHP01
47,Jaipur Polyspin Ltd.,https://www.moneycontrol.com/india/stockpricequote/textilesspinningsyntheticblended/jaipurpolyspin/JP05
48,Jaipur Syntex Ltd.,https://www.moneycontrol.com/india/stockpricequote/textilesspinningsyntheticblended/jaipursyntex/JS01
49,Jakharia Fabric Ltd.,https://www.moneycontrol.com/india/stockpricequote/jakhariafabric/jakhariafabric/JF06
50,Jalan Forgings Ltd.,https://www.moneycontrol.com/india/stockpricequote/castingsforgings/jalanforgings/JF02
51,Jalan Ispat Castings Ltd.,https://www.moneycontrol.com/india/stockpricequote/castingsforgings/jalanispatcastings/JIC
52,Jalan Transolutions Ltd.,https://www.moneycontrol.com/india/stockpricequote/transportlogistics/jalantransolutions/JT03
53,Jalaveg Investment & Trading Company Ltd.,https://www.moneycontrol.com/india/stockpricequote/financeinvestments/jalaveginvestmenttradingcompany/JIT
54,,
55,James Hotels Ltd.,https://www.moneycontrol.com/india/stockpricequote/hotels/jameshotels/JH
56,James Warren Tea Ltd.,https://www.moneycontrol.com/india/stockpricequote/plantationsteacoffee/jameswarrentea/JWT
57,Jamna Auto Industries Ltd.,https://www.moneycontrol.com/india/stockpricequote/autoancillaries/jamnaautoindustries/JAI
58,Jamshri Realty Ltd.,https://www.moneycontrol.com/india/stockpricequote/textilescompositemills/jamshrirealty/JSR
59,Janak Intermediates Ltd.,https://www.moneycontrol.com/india/stockpricequote/pharmaceuticals/janakintermediates/JI03
60,Janak Turbo Dynamics Ltd.,https://www.moneycontrol.com/india/stockpricequote/engineering/janakturbodynamics/JTD
61,Jenson and Nicholson Finance Ltd.,https://www.moneycontrol.com/india/stockpricequote/financeinvestments/jensonnicholsonfinance/JNF
62,Janice Textiles Ltd.,https://www.moneycontrol.com/india/stockpricequote/textilesspinningcottonblended/janicetextiles/JT01
63,Janpriya Cement Ltd.,https://www.moneycontrol.com/india/stockpricequote/constructioncontractingcivil/janpriyacement/JCL01
64,Janzen Castmetals Ltd.,https://www.moneycontrol.com/india/stockpricequote/castingsforgings/janzencastmetals/JC02
65,Jarigold Textiles Ltd.,https://www.moneycontrol.com/india/stockpricequote/textilesspinningsyntheticblended/jarigoldtextiles/JTL
66,Jasch Industries Ltd.,https://www.moneycontrol.com/india/stockpricequote/plastics/jaschindustries/JI04
67,Jash Dealmark Ltd.,https://www.moneycontrol.com/india/stockpricequote/miscellaneous/jashdealmark/JD02
68,Jash Engineering Ltd.,https://www.moneycontrol.com/india/stockpricequote/diversified/jashengineering/JE04
69,Jasmina Industries Ltd.,https://www.moneycontrol.com/india/stockpricequote/foodprocessing/jasminaindustries/JIL02
70,Jaswal Granites Ltd.,https://www.moneycontrol.com/india/stockpricequote/miscellaneous/jaswalgranites/JGL01
71,Jatalia Global Ventures Ltd.,https://www.moneycontrol.com/india/stockpricequote/vanaspatioils/jataliaglobalventures/SRO01
72,Jatayu Textiles & Industries Ltd.,https://www.moneycontrol.com/india/stockpricequote/textilesspinningcottonblended/jatayutextilesindustries/JTI01
73,Jattashankar Industries Ltd.,https://www.moneycontrol.com/india/stockpricequote/textilesprocessing/jattashankarindustries/JPY
74,Jauss Polymers Ltd.,https://www.moneycontrol.com/india/stockpricequote/plastics/jausspolymers/JP06
75,Jay Agro Chem Ltd.,https://www.moneycontrol.com/india/stockpricequote/chemicals/jayagrochem/JAC
76,Jay Bharat Maruti Ltd.,https://www.moneycontrol.com/india/stockpricequote/autoancillaries/jaybharatmaruti/JBM
77,Jay Electric Ltd.,https://www.moneycontrol.com/india/stockpricequote/metalsnonferrous/jayelectric/JE
78,Jay Energy and S Energies Ltd.,https://www.moneycontrol.com/india/stockpricequote/financeinvestments/jayenergysenergies/JES
79,Jay Finlease And Management Services Ltd.,https://www.moneycontrol.com/india/stockpricequote/financeinvestments/jayfinleaseandmanagementservices/JFA01
80,Jay Flash Ceramics Ltd.,https://www.moneycontrol.com/india/stockpricequote/ceramicsgranite/jayflashceramics/JFC
81,Jay Iron and Steels Ltd.,https://www.moneycontrol.com/india/stockpricequote/steelmediumsmall/jayironsteels/JIS01
82,Jay Jalaram Technologies Ltd.,https://www.moneycontrol.com/india/stockpricequote/retailing/jayjalaramtechnologies/JJT
83,Jay Mahesh Infraventures Ltd.,https://www.moneycontrol.com/india/stockpricequote/constructioncontractingcivil/jaymaheshinfraventures/JMI01
84,Jay Rapid Roller Ltd.,https://www.moneycontrol.com/india/stockpricequote/miscellaneous/jayrapidroller/JRR01
85,Jay Ushin Ltd.,https://www.moneycontrol.com/india/stockpricequote/autoancillaries/jayushin/JU
86,Jay Vinyls Ltd.,https://www.moneycontrol.com/india/stockpricequote/plastics/jayvinyls/JVL
87,Jayabharat Credit Ltd.,https://www.moneycontrol.com/india/stockpricequote/jayabharatcred/jayabharatcredit/JC06
88,Jayant Agro-Organics Ltd.,https://www.moneycontrol.com/india/stockpricequote/chemicals/jayantagroorganics/JAO
89,Jayant Infratech Ltd.,https://www.moneycontrol.com/india/stockpricequote/constructioninfrastructure/jayantinfratech/JI15
90,Jayant Mercantile Co. Ltd.,https://www.moneycontrol.com/india/stockpricequote/financeinvestments/jayantmercantileco/JMC01
91,Jayant Paper Ltd.,https://www.moneycontrol.com/india/stockpricequote/paper/jayantpaper/JP10
92,Jayant Paper Mills Ltd.,https://www.moneycontrol.com/india/stockpricequote/paper/jayantpapermills/JPM
93,Jayant Vitamins Ltd.,https://www.moneycontrol.com/india/stockpricequote/pharmaceuticals/jayantvitamins/JV
94,Jayanti Business Machines Ltd.,https://www.moneycontrol.com/india/stockpricequote/computerssoftwaremediumsmall/jayantibusinessmachines/JBM02
95,Jayaswal Neco Industries Ltd.,https://www.moneycontrol.com/india/stockpricequote/castingsforgings/jayaswalnecoindustries/JNI02
96,Jayatma Enterprises  Ltd.,https://www.moneycontrol.com/india/stockpricequote/jayatmaenterpr/jayatmaenterprises/JS9
97,Jayatma Industries  Ltd.,https://www.moneycontrol.com/india/stockpricequote/textilesspinningcottonblended/jayatmaindustries/SS04
98,Jayavant Products Ltd.,https://www.moneycontrol.com/india/stockpricequote/plastics/jayavantproducts/JP07
99,Jaybharat Fabrics Mills Ltd.,https://www.moneycontrol.com/india/stockpricequote/textilesprocessing/jaybharatfabricsmills/JFM
100,Jaybharat Textiles And Real Estate Ltd.,https://www.moneycontrol.com/india/stockpricequote/jaybharattext/jaybharattextilesandrealestate/JTA
101,Jaykay Enterprises Ltd.,https://www.moneycontrol.com/india/stockpricequote/textilesmanmade/jaykayenterprises/JKS
102,Jayketan Textiles Ltd.,https://www.moneycontrol.com/india/stockpricequote/textilesprocessing/jayketantextiles/JT
103,Jaypee Hotels Ltd.,https://www.moneycontrol.com/india/stockpricequote/hotels/jaypeehotels/JH01
104,Jaypee Infratech Ltd.,https://www.moneycontrol.com/india/stockpricequote/infrastructuregeneral/jaypeeinfratech/JI09
105,Jayshree Chemicals Ltd.,https://www.moneycontrol.com/india/stockpricequote/chemicals/jayshreechemicals/JC03
106,Jayshree Tea and Industries Ltd.,https://www.moneycontrol.com/india/stockpricequote/plantationsteacoffee/jayshreeteaindustries/JTI
107,Jaysynth Dyestuff Ltd.,https://www.moneycontrol.com/india/stockpricequote/dyespigments/jaysynthdyestuff/JD01
108,JB Chemicals and Pharmaceuticals Ltd.,https://www.moneycontrol.com/india/stockpricequote/pharmaceuticals/jbchemicalspharmaceuticals/JBC01
109,JBF Industries Ltd.,https://www.moneycontrol.com/india/stockpricequote/textilesmanmade/jbfindustries/JBF
110,JBM Auto Ltd.,https://www.moneycontrol.com/india/stockpricequote/autoancillaries/jbmauto/JBM03
111,Janus Corporation Ltd.,https://www.moneycontrol.com/india/stockpricequote/jcl/januscorporationlimited/JANUS54292
112,JCT Ltd.,https://www.moneycontrol.com/india/stockpricequote/textilescompositemills/jct/JCT
113,JCT Electronics Ltd.,https://www.moneycontrol.com/india/stockpricequote/electricals/jctelectronics/JCT01
114,JD Orgochem Ltd.,https://www.moneycontrol.com/india/stockpricequote/dyespigments/jdorgochem/JDO
115,Jeena Sikho Lifecare Ltd.,https://www.moneycontrol.com/india/stockpricequote/pharmaceuticalsdrugs/jeenasikholifecare/JSL02
116,Jeet Machine Tolls Ltd.,https://www.moneycontrol.com/india/stockpricequote/machinetools/jeetmachinetolls/JMT01
117,Jeevan Scientific Technology Ltd.,https://www.moneycontrol.com/india/stockpricequote/computerssoftware/jeevanscientifictechnology/JST
118,Jeevan Softech Ltd.,https://www.moneycontrol.com/india/stockpricequote/computerssoftwaremediumsmall/jeevansoftech/JS06
119,Jem Industries Ltd.,https://www.moneycontrol.com/india/stockpricequote/electricequipment/jemindustries/JIL03
120,Jenburkt Pharma Ltd.,https://www.moneycontrol.com/india/stockpricequote/pharmaceuticals/jenburktpharma/JP08
121,Jenson and Nicholson Ltd.,https://www.moneycontrol.com/india/stockpricequote/paintsvarnishes/jensonnicholson/JN
122,Jersey India Ltd.,https://www.moneycontrol.com/india/stockpricequote/miscellaneous/jerseyindia/JI05
123,Jet Airways Ltd.,https://www.moneycontrol.com/india/stockpricequote/transportlogistics/jetairways/JA01
124,Jet Freight Logistics Ltd.,https://www.moneycontrol.com/india/stockpricequote/miscellaneous/jetfreightlogistics/JFL04
125,Jet Infraventure Ltd.,https://www.moneycontrol.com/india/stockpricequote/constructioncontractingcivil/jetinfraventure/JI13
126,Jet Knitwears Ltd.,https://www.moneycontrol.com/india/stockpricequote/textilesreadymadeapparels/jetknitwears/JK
127,Jet Freight Logistics RE Ltd.,https://www.moneycontrol.com/india/stockpricequote/miscellaneous/jetfreightlogisticsre/JFL05
128,Jetking Infotrain Ltd.,https://www.moneycontrol.com/india/stockpricequote/computerssoftwaretraining/jetkinginfotrain/JI08
129,Jetmall Spices and Masala Ltd.,https://www.moneycontrol.com/india/stockpricequote/consumerfood/jetmallspicesmasala/JSM
130,Jeypore Sugar Company Ltd.,https://www.moneycontrol.com/india/stockpricequote/sugar/jeyporesugarcompany/JSC
131,JF Laboratories Ltd.,https://www.moneycontrol.com/india/stockpricequote/chemicals/jflaboratories/JFL
132,JFL Life Sciences Ltd.,https://www.moneycontrol.com/india/stockpricequote/pharmaceuticalsdrugs/jfllifesciences/JLS
133,Jhagadia Copper Ltd.,https://www.moneycontrol.com/india/stockpricequote/metalsnonferrous/jhagadiacopper/JC07
134,Jhandewalas Foods.ltd Ltd.,https://www.moneycontrol.com/india/stockpricequote/foodprocessing/jhandewalasfoodsltd/JF05
135,Jhaveri Credits and Capital Ltd.,https://www.moneycontrol.com/india/stockpricequote/financeinvestments/jhavericreditscapital/JCC
136,Jhaveri Flexo India Ltd.,https://www.moneycontrol.com/india/stockpricequote/plastics/jhaveriflexoindia/JFI01
137,JHS Svendgaard Laboratories Ltd.,https://www.moneycontrol.com/india/stockpricequote/personalcare/jhssvendgaardlaboratories/JHS01
138,Jhunjhunu Investments Ltd.,https://www.moneycontrol.com/india/stockpricequote/computerssoftwaremediumsmall/jhunjhunuinvestments/JI06
139,Jigar Cables Ltd.,https://www.moneycontrol.com/india/stockpricequote/cablespowerothers/jigarcables/JC01
140,JIK Industries Ltd.,https://www.moneycontrol.com/india/stockpricequote/trading/jikindustries/JIK
141,Jilchem Laboratories (India) Ltd.,https://www.moneycontrol.com/india/stockpricequote/pharmaceuticals/jilchemlaboratoriesindia/JLI
142,Jyot International Marketing Ltd.,https://www.moneycontrol.com/india/stockpricequote/miscellaneous/jyotinternationalmarketing/JYOTI54254
143,Jinaam's Dress Ltd.,https://www.moneycontrol.com/india/stockpricequote/textilesgeneral/jinaamsdress/JD03
144,Jindal Stainless (Hisar) Ltd.,https://www.moneycontrol.com/india/stockpricequote/steellarge/jindalstainlesshisar/JSH
145,Jindal Capital Ltd.,https://www.moneycontrol.com/india/stockpricequote/financeinvestments/jindalcapital/JC04
146,Jindal Cotex Ltd.,https://www.moneycontrol.com/india/stockpricequote/textilesspinningcottonblended/jindalcotex/JC
147,Jindal Drilling Industries Ltd.,https://www.moneycontrol.com/india/stockpricequote/oildrillingandexploration/jindaldrillingindustries/JDI
148,Jindal Drugs Ltd.,https://www.moneycontrol.com/india/stockpricequote/miscellaneous/jindaldrugs/JDL
149,Jindal Ferro Alloys Ltd.,https://www.moneycontrol.com/india/stockpricequote/steelmediumsmall/jindalferroalloys/JFA
150,Jindal Hotels Ltd.,https://www.moneycontrol.com/india/stockpricequote/hotels/jindalhotels/JH02
151,Jindal Iron and Steel Company Ltd.,https://www.moneycontrol.com/india/stockpricequote/steellarge/jindalironsteelcompany/JIS
152,Jindal Leasefin Ltd.,https://www.moneycontrol.com/india/stockpricequote/financeleasinghirepurchase/jindalleasefin/JL01
153,Jindal Photo Ltd.,https://www.moneycontrol.com/india/stockpricequote/consumergoodselectronic/jindalphoto/JP11
154,Jindal Poly Investment and Finance Company Ltd.,https://www.moneycontrol.com/india/stockpricequote/financegeneral/jindalpolyinvestmentfinancecompany/JPI02
155,Jindal Poly Films Ltd.,https://www.moneycontrol.com/india/stockpricequote/packaging/jindalpolyfilms/JPF01
156,Jindal Saw Ltd.,https://www.moneycontrol.com/india/stockpricequote/steeltubespipes/jindalsaw/JS08
157,Jindal Stainless Ltd.,https://www.moneycontrol.com/india/stockpricequote/steelmediumsmall/jindalstainless/JSL01
158,Jindal Steel & Power Ltd.,https://www.moneycontrol.com/india/stockpricequote/steelspongeiron/jindalsteelpower/JSP
159,Jindal Worldwide Ltd.,https://www.moneycontrol.com/india/stockpricequote/textilesgeneral/jindalworldwide/JW01
160,JAIN IRRIGATION SYSTEMS Ltd.,https://www.moneycontrol.com/india/stockpricequote/miscellaneous/jainirrigationsystems/JISLD57000
161,JITF Infralogistics Ltd.,https://www.moneycontrol.com/india/stockpricequote/miscellaneous/jitfinfralogistics/JIT01
162,Jiwa Appliances Ltd.,https://www.moneycontrol.com/india/stockpricequote/miscellaneous/jiwaappliances/JAL
163,Jiwan Flora Ltd.,https://www.moneycontrol.com/india/stockpricequote/miscellaneous/jiwanflora/JFL03
164,Jiya Eco Products Ltd.,https://www.moneycontrol.com/india/stockpricequote/miscellaneous/jiyaecoproducts/JEP
165,JJ Exporters Ltd.,https://www.moneycontrol.com/india/stockpricequote/textilessyntheticsilk/jjexporters/JJE
166,JJ Spectrum Ltd.,https://www.moneycontrol.com/india/stockpricequote/textilessyntheticsilk/jjspectrum/JJS
167,JK Agri Genetics Ltd.,https://www.moneycontrol.com/india/stockpricequote/fertilisers/jkagrigenetics/JKA03
168,Jammu and Kashmir Bank Ltd.,https://www.moneycontrol.com/india/stockpricequote/banksprivatesector/jammukashmirbank/JKB
169,JK Lakshmi Cement Ltd.,https://www.moneycontrol.com/india/stockpricequote/cementmajor/jklakshmicement/JKL01
170,JK Paper Ltd.,https://www.moneycontrol.com/india/stockpricequote/paper/jkpaper/JKP01
171,JK Pharmachem Ltd.,https://www.moneycontrol.com/india/stockpricequote/pharmaceuticals/jkpharmachem/JKP
172,JK Sugars Ltd.,https://www.moneycontrol.com/india/stockpricequote/sugar/jksugars/JKS02
173,JK Tyre and Industries Ltd.,https://www.moneycontrol.com/india/stockpricequote/tyres/jktyreindustries/JKT01
174,JL Morison (India) Ltd.,https://www.moneycontrol.com/india/stockpricequote/personalcare/jlmorisonindia/JLM
175,JLA Infraville Shoppers Ltd.,https://www.moneycontrol.com/india/stockpricequote/retail/jlainfravilleshoppers/JIS04
176,JM Financial Ltd.,https://www.moneycontrol.com/india/stockpricequote/financeinvestments/jmfinancial/JMF
177,JMC Projects (Warrants) Ltd.,https://www.moneycontrol.com/india/stockpricequote/constructioncontractingcivil/jmcprojectswarrants/JMC02
178,JMC Projects (India) Ltd.,https://www.moneycontrol.com/india/stockpricequote/constructioncontractingcivil/jmcprojectsindia/JMC
179,JMD Ventures Ltd.,https://www.moneycontrol.com/india/stockpricequote/mediaentertainment/jmdventures/AF25
180,JMDE Packaging Ltd.,https://www.moneycontrol.com/india/stockpricequote/packaging/jmdepackaging/UP01
181,JMG Corporation Ltd.,https://www.moneycontrol.com/india/stockpricequote/plastics/jmgcorporation/IA03
182,JMJ Fintech Ltd.,https://www.moneycontrol.com/india/stockpricequote/financeinvestments/jmjfintech/ME15
183,JMP Castings Ltd.,https://www.moneycontrol.com/india/stockpricequote/castingsforgings/jmpcastings/JMP
184,JMT Auto Ltd.,https://www.moneycontrol.com/india/stockpricequote/autoancillaries/jmtauto/JMT02
185,Jocil Ltd.,https://www.moneycontrol.com/india/stockpricequote/chemicals/jocil/J01
186,Jog Engineering Ltd.,https://www.moneycontrol.com/india/stockpricequote/constructioncontractingcivil/jogengineering/JE02
187,John Cockerill India Ltd.,https://www.moneycontrol.com/india/stockpricequote/engineeringheavy/johncockerillindia/CMI02
188,John Fowler (India) Ltd.,https://www.moneycontrol.com/india/stockpricequote/engineeringheavy/johnfowlerindia/JFI
189,Johnmeyers Granite Ltd.,https://www.moneycontrol.com/india/stockpricequote/miscellaneous/johnmeyersgranite/JGL
190,Johnson Controls -Hitachi Air Conditioning India Ltd.,https://www.moneycontrol.com/india/stockpricequote/consumergoodswhitegoods/johnsoncontrolshitachiairconditioningindia/HHL
191,Johnson Pharmacare Ltd.,https://www.moneycontrol.com/india/stockpricequote/trading/johnsonpharmacare/RWT
192,Joindre Capital Ltd.,https://www.moneycontrol.com/india/stockpricequote/financeinvestments/joindrecapital/JC05
193,Jointeca Education Solutions Ltd.,https://www.moneycontrol.com/india/stockpricequote/computerssoftwaretraining/jointecaeducationsolutions/JES01
194,Jolly Board Ltd.,https://www.moneycontrol.com/india/stockpricequote/miscellaneous/jollyboard/JB
195,Jolly Plastic Industries Ltd.,https://www.moneycontrol.com/india/stockpricequote/plastics/jollyplasticindustries/JPI01
196,Jolly Rides Ltd.,https://www.moneycontrol.com/india/stockpricequote/miscellaneous/jollyrides/JR
197,Jonjua Overseas Ltd.,https://www.moneycontrol.com/india/stockpricequote/miscellaneous/jonjuaoverseas/JO
198,Joonktollee Tea and Industries RE Ltd.,https://www.moneycontrol.com/india/stockpricequote/teacoffee/joonktolleeteaindustriesre/JTI02
199,Jord Engineers India Ltd.,https://www.moneycontrol.com/india/stockpricequote/engineeringheavy/jordengineersindia/JEI
200,Josts Engineers Company Ltd.,https://www.moneycontrol.com/india/stockpricequote/engineeringheavy/jostsengineerscompany/JEC
201,Joy Realty Ltd.,https://www.moneycontrol.com/india/stockpricequote/constructioncontractingrealestate/joyrealty/JR01
202,Joymat Hotel Resorts Ltd.,https://www.moneycontrol.com/india/stockpricequote/hotels/joymathotelresorts/JHR
203,JPT Securities Ltd.,https://www.moneycontrol.com/india/stockpricequote/financeinvestments/jptsecurities/JPT
204,JRI Industries and Infrastructure Ltd.,https://www.moneycontrol.com/india/stockpricequote/steelmediumsmall/jriindustriesinfrastructure/JRR
205,JSL Industries Ltd.,https://www.moneycontrol.com/india/stockpricequote/jslindustries/jslindustries/JSL
206,JSW Energy Ltd.,https://www.moneycontrol.com/india/stockpricequote/powergenerationdistribution/jswenergy/JE01
207,JSW Holdings Ltd.,https://www.moneycontrol.com/india/stockpricequote/financeinvestments/jswholdings/JSW
208,JSW Ispat Special Products Ltd.,https://www.moneycontrol.com/india/stockpricequote/steelspongeiron/jswispatspecialproducts/MI16
209,JSW ISPAT Steel Ltd.,https://www.moneycontrol.com/india/stockpricequote/steelgpgcsheets/jswispatsteel/II
210,JSW Steel Ltd.,https://www.moneycontrol.com/india/stockpricequote/steellarge/jswsteel/JSW01
211,JTEKT India  Ltd.,https://www.moneycontrol.com/india/stockpricequote/autoancillaries/jtektindia/SKS04
212,JTL Industries Ltd.,https://www.moneycontrol.com/india/stockpricequote/jtlind/jtlindustries/JTL01
213,Jubilant Foodworks Ltd.,https://www.moneycontrol.com/india/stockpricequote/miscellaneous/jubilantfoodworks/JF04
214,Jubilant Industries  Ltd.,https://www.moneycontrol.com/india/stockpricequote/miscellaneous/jubilantindustries/JI10
215,Jubilant Ingrevia Ltd.,https://www.moneycontrol.com/india/stockpricequote/jubilanting/jubilantingrevia/JI14
216,Jubilant Pharmova Ltd.,https://www.moneycontrol.com/india/stockpricequote/pharmaceuticals/jubilantpharmova/JO03
217,Juggilal Kamalpat Cotton Spinning & Wvg Mills Ltd.,https://www.moneycontrol.com/india/stockpricequote/textilesweaving/juggilalkamalpatcottonspinningwvgmills/JKC02
218,Jullundur Motor Agency Delhi Ltd.,https://www.moneycontrol.com/india/stockpricequote/autoancillaries/jullundurmotoragencydelhi/JMA
219,Jumbo Bag Ltd.,https://www.moneycontrol.com/india/stockpricequote/packaging/jumbobag/JB01
220,Jumbo Finance Ltd.,https://www.moneycontrol.com/india/stockpricequote/financeinvestments/jumbofinance/JFL02
221,Nippon India ETF Nifty Next 50 Junior BeES,https://www.moneycontrol.com/india/stockpricequote/juniorbees/nipponindiaetfniftynext50juniorbees/BMF04
222,Jupiter Bioscience Ltd.,https://www.moneycontrol.com/india/stockpricequote/pharmaceuticals/jupiterbioscience/JB02
223,Jupiter Infomedia Ltd.,https://www.moneycontrol.com/india/stockpricequote/miscellaneous/jupiterinfomedia/JI11
224,Jupiter Industries and Leasing Ltd.,https://www.moneycontrol.com/india/stockpricequote/financeleasinghirepurchase/jupiterindustriesleasing/JIL
225,Jupiter Wagons Ltd.,https://www.moneycontrol.com/india/stockpricequote/engineering/jupiterwagons/CEB
226,Just Dial Ltd.,https://www.moneycontrol.com/india/stockpricequote/miscellaneous/justdial/JD
227,Justride Enterprises Ltd.,https://www.moneycontrol.com/india/stockpricequote/miscellaneous/justrideenterprises/TE03
228,JVG Departmental Stores Ltd.,https://www.moneycontrol.com/india/stockpricequote/miscellaneous/jvgdepartmentalstores/JVG
229,JVL Agro Industries Ltd.,https://www.moneycontrol.com/india/stockpricequote/vanaspatioils/jvlagroindustries/JVL01
230,Jyothi Infraventures Ltd.,https://www.moneycontrol.com/india/stockpricequote/financeinvestments/jyothiinfraventures/BS09
231,Jyothy Consumer Products Ltd.,https://www.moneycontrol.com/india/stockpricequote/chemicals/jyothyconsumerproducts/HI12
232,Jyothy Labs Ltd.,https://www.moneycontrol.com/india/stockpricequote/personalcare/jyothylabs/JL
233,Jyoti Ltd.,https://www.moneycontrol.com/india/stockpricequote/electricequipment/jyoti/J
234,Jyoti Overseas Ltd.,https://www.moneycontrol.com/india/stockpricequote/textilesweaving/jyotioverseas/JO01
235,Jyoti Poly-Vinyl Ltd.,https://www.moneycontrol.com/india/stockpricequote/plastics/jyotipolyvinyl/JPV
236,Jyoti Resins and Adhesives Ltd.,https://www.moneycontrol.com/india/stockpricequote/chemicals/jyotiresinsadhesives/JRA
237,Jyoti Structures Ltd.,https://www.moneycontrol.com/india/stockpricequote/powertransmissionequipment/jyotistructures/JS03
238,Jyotirgamya Enterprises Ltd.,https://www.moneycontrol.com/india/stockpricequote/trading/jyotirgamyaenterprises/JE03
